{
  "dependencies": {
    "appInsights1": {
      "type": "appInsights.sdk"
    },
    "secrets1": {
      "type": "secrets.user"
    },
    "storage3": {
      "secretStore": "LocalSecretsFile",
      "resourceId": "/subscriptions/[parameters('subscriptionId')]/resourceGroups/[parameters('resourceGroupName')]/providers/Microsoft.Storage/storageAccounts/azjhbrsgvckndwst100ac5f",
      "type": "storage.azure",
      "connectionId": "live-trigger",
      "dynamicId": null
    }
  }
}